{"$type":"List`1","$values":[{"$id":"1","$type":"ProjectOptionEntry","key":"NetworkCollapsed","context":"{2232342-2375}","value":false},{"$id":"2","$type":"ProjectOptionEntry","key":"NetworkCollapsed","context":"{2232342-2419}","value":false},{"$id":"3","$type":"ProjectOptionEntry","key":"NetworkCollapsed","context":"{2232342-2415}","value":false},{"$id":"4","$type":"ProjectOptionEntry","key":"RestoreNetworkStates","context":"{2232321-2372}","value":true},{"$id":"5","$type":"ProjectOptionEntry","key":"LastSelection@Siemens.Simatic.PlcLanguages.PLFrame.BasicLanguageEditor","context":"{2232321-2372}","value":{"$id":"6","$type":"SessionState","NetworkStates":{"$id":"7","$type":"Dictionary`2","1":5},"FocusedComponent":4,"ComponentUndoState":{"$id":"8","$type":"FLGViewSessionState","SelectedElements":{"$type":"String[]","$values":["<?xml version=\"1.0\" encoding=\"utf-16\"?><Operand UId=\"58\" RefId=\"3\" OwnerUId=\"56\" ParaNum=\"-1\" Formalname=\"IN1\" />"]},"RelevantSettings":null}}},{"$id":"9","$type":"ProjectOptionEntry","key":"NetworkCollapsed","context":"{2232342-2269}","value":false},{"$id":"10","$type":"ProjectOptionEntry","key":"NetworkCollapsed","context":"{2232342-2367}","value":false},{"$id":"11","$type":"ProjectOptionEntry","key":"NetworkCollapsed","context":"{2232342-2405}","value":false},{"$id":"12","$type":"ProjectOptionEntry","key":"RestoreNetworkStates","context":"{2232321-2258}","value":true},{"$id":"13","$type":"ProjectOptionEntry","key":"NetworkCollapsed","context":"{2232342-3123}","value":false},{"$id":"14","$type":"ProjectOptionEntry","key":"NetworkCollapsed","context":"{2232342-3124}","value":false},{"$id":"15","$type":"ProjectOptionEntry","key":"LastSelection@Siemens.Simatic.PlcLanguages.PLFrame.BasicLanguageEditor","context":"{2232321-2258}","value":{"$id":"16","$type":"SessionState","NetworkStates":{"$id":"17","$type":"Dictionary`2","5":5},"FocusedComponent":4,"ComponentUndoState":{"$id":"18","$type":"FLGViewSessionState","SelectedElements":{"$type":"String[]","$values":["<?xml version=\"1.0\" encoding=\"utf-16\"?><Operand UId=\"25\" RefId=\"0\" OwnerUId=\"22\" ParaNum=\"-1\" Formalname=\"EN\" />"]},"RelevantSettings":null}}},{"$id":"19","$type":"ProjectOptionEntry","key":"NetworkCollapsed","context":"{2232342-4220}","value":false},{"$id":"20","$type":"ProjectOptionEntry","key":"NetworkCollapsed","context":"{2232342-5255}","value":false},{"$id":"21","$type":"ProjectOptionEntry","key":"NetworkCollapsed","context":"{2232342-6302}","value":false},{"$id":"22","$type":"ProjectOptionEntry","key":"LastSelection@Siemens.Simatic.PlcLanguages.SCLEditor.SCLEditorView","context":"{2232321-5184}","value":{"$id":"23","$type":"SessionDataUndo","CaretPositionRC":"0, 2"}},{"$id":"24","$type":"ProjectOptionEntry","key":"LastSelection@Siemens.Simatic.PlcLanguages.SCLEditor.SCLEditorView","context":"{2232321-6235}","value":{"$id":"25","$type":"SessionDataUndo","CaretPositionRC":"24, 38"}}]}