{"$type":"List`1","$values":[{"$id":"1","$type":"ProjectOptionEntry","key":"NetworkCollapsed","context":"{2232342-1578}","value":true},{"$id":"2","$type":"ProjectOptionEntry","key":"RestoreNetworkStates","context":"{2232321-1567}","value":true},{"$id":"3","$type":"ProjectOptionEntry","key":"NetworkCollapsed","context":"{2232342-1645}","value":false},{"$id":"4","$type":"ProjectOptionEntry","key":"LastSelection@Siemens.Simatic.PlcLanguages.SCLEditor.SCLEditorView","context":"{2232321-1610}","value":{"$id":"5","$type":"SessionDataUndo","CaretPositionRC":"0, 10"}},{"$id":"6","$type":"ProjectOptionEntry","key":"NetworkCollapsed","context":"{2232342-2104}","value":false},{"$id":"7","$type":"ProjectOptionEntry","key":"RestoreNetworkStates","context":"{2232321-2101}","value":true},{"$id":"8","$type":"ProjectOptionEntry","key":"NetworkCollapsed","context":"{2232342-2107}","value":false},{"$id":"9","$type":"ProjectOptionEntry","key":"NetworkCollapsed","context":"{2232342-2127}","value":false},{"$id":"10","$type":"ProjectOptionEntry","key":"NetworkCollapsed","context":"{2232342-2128}","value":false},{"$id":"11","$type":"ProjectOptionEntry","key":"LastSelection@Siemens.Simatic.PlcLanguages.PLFrame.BasicLanguageEditor","context":"{2232321-2101}","value":{"$id":"12","$type":"SessionState","NetworkStates":{"$id":"13","$type":"Dictionary`2","1":5},"FocusedComponent":4,"ComponentUndoState":{"$id":"14","$type":"FLGViewSessionState","SelectedElements":{"$type":"String[]","$values":["<?xml version=\"1.0\" encoding=\"utf-16\"?><Connector UId=\"-3\" FormalName=\"S\" OwnerUId=\"34\" ParaNum=\"-1\" />"]},"RelevantSettings":null}}},{"$id":"15","$type":"ProjectOptionEntry","key":"NetworkCollapsed","context":"{2232342-3187}","value":false},{"$id":"16","$type":"ProjectOptionEntry","key":"LastSelection@Siemens.Simatic.PlcLanguages.SCLEditor.SCLEditorView","context":"{2232321-3152}","value":{"$id":"17","$type":"SessionDataUndo","CaretPositionRC":"19, 8"}}]}